{"train/returns_mean":0.769336998462677,"train/icm_loss":4.66796875,"epoch":1,"train/actor_loss":-0.14514601230621338,"train/ema_reward_score":0.38093505320549015,"train/resp_length":60,"train/returns_norm":6.024588108062744,"train/intrinsic_rewards":2.19921875,"train/reward":0.8828125,"train/entropy":972.5916137695312,"train/bleu_reward":0.2538531422615051,"_wandb":{"runtime":1100},"train/critic_loss":0.034348051995038986,"train/advantages_norm":2.013223648071289,"train/kl":0.019121311604976654,"train/intrinsic_number":11,"train/returns_std":0.15395770967006683,"_timestamp":1.7753644406587956e+09,"_runtime":1100.087185768,"train/advantages_mean":0.14514601230621338,"train/advantages_std":0.22011342644691467,"_step":190}