{"train/advantages_norm":2.410085916519165,"_runtime":569.151798661,"train/ema_reward_score":0.41419610166549686,"train/intrinsic_rewards":0.76025390625,"train/intrinsic_number":3,"train/advantages_std":0.3320563733577728,"epoch":1,"train/icm_loss":4.640625,"_timestamp":1.7753625325416775e+09,"train/reward":0.5791015625,"train/returns_mean":0.8362797498703003,"train/advantages_mean":-0.3556537628173828,"train/critic_loss":0.11617029458284378,"train/returns_norm":4.281550407409668,"_step":158,"train/bleu_reward":0.569242537021637,"train/entropy":526.6417236328125,"train/resp_length":26,"train/kl":0.017597878351807594,"train/actor_loss":0.3556537628173828,"train/returns_std":0.18792471289634705,"_wandb":{"runtime":569}}