{"_runtime":463.553380303,"train/resp_length":23,"train/reward":-1.111328125,"train/returns_norm":4.450593948364258,"train/critic_loss":0.25896623730659485,"_wandb":{"runtime":463},"train/advantages_std":0.4421525001525879,"epoch":1,"_step":350,"train/intrinsic_rewards":1.046875,"train/returns_std":0.1916307806968689,"train/advantages_mean":-0.5756039619445801,"train/icm_loss":4.390625,"train/kl":0.027682259678840637,"train/intrinsic_number":3,"_timestamp":1.7753612086668057e+09,"train/ema_reward_score":0.45465384794168096,"train/actor_loss":0.5756039619445801,"train/bleu_reward":0.5851334929466248,"train/returns_mean":-0.9302154183387756,"train/entropy":416.3992004394531,"train/advantages_norm":3.3755760192871094}