{"train/kl":0,"train/returns_mean":0.5942403674125671,"train/bleu_reward":0,"train/resp_length":39,"train/returns_norm":3.7450990676879883,"train/intrinsic_number":9,"train/ema_reward_score":0,"train/entropy":1595.4482421875,"train/advantages_mean":-0.20304575562477112,"_step":0,"train/returns_std":0.12809856235980988,"train/actor_loss":0.20304575562477112,"train/advantages_std":0.36419251561164856,"train/intrinsic_rewards":1.8203125,"_timestamp":1.7753602949543335e+09,"_wandb":{"runtime":3},"train/advantages_norm":2.5444424152374268,"epoch":1,"train/reward":0.3173828125,"train/icm_loss":4.5625,"_runtime":3.678634613,"train/critic_loss":0.085186667740345}